"0","skills_review_command = ""Please review the list provided in brackets, identify synonymous items, standardize them, and return a comma seperated string ["""
"0",""
"0","skills_list = str(r.skills)"
"0","len(skills_list)"
"1","51348
"
"0","skills_list_1 = skills_list[0:10000]"
"0","skills_list_2 = skills_list[10001:20000]"
"0","skills_list_3 = skills_list[20001:30000]"
"0","skills_list_4 = skills_list[30001:40000]"
"0","skills_list_5 = skills_list[40001:51347]"
"0",""
"0","skills_review_command = skills_review_command + skills_list_1 + ""]"""
"0",""
"0","reviewed_skills = get_completion(skills_review_command)"
"0",""
"0",""
